Workbook

Sheet data
A2: EXP 1 | F2: EXP 1
A4: 3 turns large
A6: I coil (A) | C6: I loop (A) | D6: dynamometer reading
A8: 2.6 | C8: 1.5 | D8: 1
A9: 2.2 | C9: 1.5 | D9: 0.9
A10: 1.8 | C10: 1.5 | D10: 0.7
A11: 1.4 | C11: 1.5 | D11: 0.56
A12: 1 | C12: 1.5 | D12: 0.35
A13: 0.6 | C13: 1.5 | D13: 0.2
A14: 0.2 | C14: 1.5 | D14: 0.1
A15: -0.2 | C15: 1.5 | D15: -0.1
A16: -0.6 | C16: 1.5 | D16: -0.24
A17: -1 | C17: 1.5 | D17: -0.4
A18: -1.4 | C18: 1.5 | D18: -0.5
A19: -1.8 | C19: 1.5 | D19: -0.64
... A21: -2.6 | C21: 1.5 | D21: -0.9
A22: EXP 1 | E22: dynamometer readings
A23: Rd1 | B23: Rd2 | C23: Rd3 | D23: IL (A) | E23: Rd1 | F23: Rd2 | G23: Rd3 | I23: Ih average readings | J23: dynamometer readings average | L23: corrected rd1 to rd3 data
A24: Ih (A) | B24: ih(A) | C24: ih(A)
K25: dynamometer proper | N25: {=AVERAGE(ABS(J26:J52))} -> 0.57444444
A26: 2.6 | B26: 2.6 | C26: 2.6 | D26: 1.8 | E26: 1.1 | F26: 1.1 | G26: 1.1 | I26: =AVERAGE(A26:C26) -> 2.6 | J26: =AVERAGE(E26:G26) -> 1.1 | K26: =J26*0.11/1000 -> 0.000121 | N26: {=AVERAGE(ABS(I26:I52))} -> 1.3480247
A27: 2.4 | B27: 2.4 | C27: 2.4 | D27: 1.8 | E27: 1 | F27: 1 | G27: 1 | I27: =AVERAGE(A27:C27) -> 2.4 | J27: =AVERAGE(E27:G27) -> 1 | K27: =J27*0.11/1000 -> 0.00011
A28: 2.2 | B28: 2.2 | C28: 2.2 | D28: 1.8 | E28: 0.9 | F28: 0.9 | G28: 0.9 | I28: =AVERAGE(A28:C28) -> 2.2 | J28: =AVERAGE(E28:G28) -> 0.9 | K28: =J28*0.11/1000 -> 9.9e-05
A29: 2 | B29: 2 | C29: 2 | D29: 1.8 | E29: 0.8 | F29: 0.8 | G29: 0.8 | I29: =AVERAGE(A29:C29) -> 2 | J29: =AVERAGE(E29:G29) -> 0.8 | K29: =J29*0.11/1000 -> 8.8e-05
A30: 1.8 | B30: 1.8 | C30: 1.8 | D30: 1.8 | E30: 0.7 | F30: 0.7 | G30: 0.73 | I30: =AVERAGE(A30:C30) -> 1.8 | J30: =AVERAGE(E30:G30) -> 0.71 | K30: =J30*0.11/1000 -> 7.81e-05
A31: 1.59 | B31: 1.59 | C31: 1.59 | D31: 1.8 | E31: 0.66 | F31: 0.66 | G31: 0.66 | I31: =AVERAGE(A31:C31) -> 1.59 | J31: =AVERAGE(E31:G31) -> 0.66 | K31: =J31*0.11/1000 -> 7.26e-05
A32: 1.39 | B32: 1.4 | C32: 1.41 | D32: 1.8 | E32: 0.6 | F32: 0.5 | G32: 0.54 | I32: =AVERAGE(A32:C32) -> 1.4 | J32: =AVERAGE(E32:G32) -> 0.54666667 | K32: =J32*0.11/1000 -> 6.0133333e-05
A33: 1.2 | B33: 1.2 | C33: 1.2 | D33: 1.8 | E33: 0.54 | F33: 0.54 | G33: 0.54 | I33: =AVERAGE(A33:C33) -> 1.2 | J33: =AVERAGE(E33:G33) -> 0.54 | K33: =J33*0.11/1000 -> 5.94e-05
A34: 1 | B34: 1 | C34: 0.99 | D34: 1.8 | E34: 0.4 | F34: 0.4 | G34: 0.4 | I34: =AVERAGE(A34:C34) -> 0.99666667 | J34: =AVERAGE(E34:G34) -> 0.4 | K34: =J34*0.11/1000 -> 4.4e-05
A35: 0.8 | B35: 0.8 | C35: 0.8 | D35: 1.79 | E35: 0.3 | F35: 0.3 | G35: 0.3 | I35: =AVERAGE(A35:C35) -> 0.8 | J35: =AVERAGE(E35:G35) -> 0.3 | K35: =J35*0.11/1000 -> 3.3e-05
A36: 0.6 | B36: 0.61 | C36: 0.6 | D36: 1.79 | E36: 0.3 | F36: 0.3 | G36: 0.2 | I36: =AVERAGE(A36:C36) -> 0.60333333 | J36: =AVERAGE(E36:G36) -> 0.26666667 | K36: =J36*0.11/1000 -> 2.9333333e-05
A37: 0.4 | B37: 0.4 | C37: 0.4 | D37: 1.79 | E37: 0.25 | F37: 0.25 | G37: 0.25 | I37: =AVERAGE(A37:C37) -> 0.4 | J37: =AVERAGE(E37:G37) -> 0.25 | K37: =J37*0.11/1000 -> 2.75e-05
A38: 0.2 | B38: 0.2 | C38: 0.2 | D38: 1.79 | E38: 0.1 | F38: 0.1 | G38: 0.1 | I38: =AVERAGE(A38:C38) -> 0.2 | J38: =AVERAGE(E38:G38) -> 0.1 | K38: =J38*0.11/1000 -> 1.1e-05 | Q38: slope= (in SI) | R38: {=LINEST(K26:K52,I26:I52)} -> 4.6457478e-05 | S38: -1.4515695e-06
A39: 0 | B39: 0 | C39: 0 | D39: 1.79 | E39: 0 | F39: 0 | G39: 0 | I39: =AVERAGE(A39:C39) -> 0 | J39: =AVERAGE(E39:G39) -> 0 | K39: =J39*0.11/1000 -> 0
A40: -0.2 | B40: -0.2 | C40: -0.2 | D40: 1.79 | E40: -0.1 | F40: -0.1 | G40: -0.1 | I40: =AVERAGE(A40:C40) -> -0.2 | J40: =AVERAGE(E40:G40) -> -0.1 | K40: =J40*0.11/1000 -> -1.1e-05
A41: -0.4 | B41: -0.4 | C41: -0.4 | D41: 1.8 | E41: -0.2 | F41: -0.2 | G41: -0.2 | I41: =AVERAGE(A41:C41) -> -0.4 | J41: =AVERAGE(E41:G41) -> -0.2 | K41: =J41*0.11/1000 -> -2.2e-05
A42: -0.6 | B42: -0.6 | C42: -0.6 | D42: 1.8 | E42: -0.25 | F42: -0.3 | G42: -0.3 | I42: =AVERAGE(A42:C42) -> -0.6 | J42: =AVERAGE(E42:G42) -> -0.28333333 | K42: =J42*0.11/1000 -> -3.1166667e-05
A43: -0.8 | B43: -0.8 | C43: -0.8 | D43: 1.8 | E43: -0.35 | F43: -0.35 | G43: -0.35 | I43: =AVERAGE(A43:C43) -> -0.8 | J43: =AVERAGE(E43:G43) -> -0.35 | K43: =J43*0.11/1000 -> -3.85e-05
A44: -1 | B44: -1 | C44: -1 | D44: 1.8 | E44: -0.47 | F44: -0.5 | G44: -0.44 | I44: =AVERAGE(A44:C44) -> -1 | J44: =AVERAGE(E44:G44) -> -0.47 | K44: =J44*0.11/1000 -> -5.17e-05
A45: -1.2 | B45: -1.2 | C45: -1.2 | D45: 1.8 | E45: -0.5 | F45: -0.5 | G45: -0.5 | I45: =AVERAGE(A45:C45) -> -1.2 | J45: =AVERAGE(E45:G45) -> -0.5 | K45: =J45*0.11/1000 -> -5.5e-05
A46: -1.4 | B46: -1.4 | C46: -1.4 | D46: 1.8 | E46: -0.6 | F46: -0.6 | G46: -0.65 | I46: =AVERAGE(A46:C46) -> -1.4 | J46: =AVERAGE(E46:G46) -> -0.61666667 | K46: =J46*0.11/1000 -> -6.7833333e-05
A47: -1.6 | B47: -1.6 | C47: -1.6 | D47: 1.8 | E47: -0.7 | F47: -0.7 | G47: -0.7 | I47: =AVERAGE(A47:C47) -> -1.6 | J47: =AVERAGE(E47:G47) -> -0.7 | K47: =J47*0.11/1000 -> -7.7e-05
A48: -1.8 | B48: -1.79 | C48: -1.8 | D48: 1.8 | E48: -0.75 | F48: -0.7 | G48: -0.8 | I48: =AVERAGE(A48:C48) -> -1.7966667 | J48: =AVERAGE(E48:G48) -> -0.75 | K48: =J48*0.11/1000 -> -8.25e-05
A49: -2 | B49: -2 | C49: -2 | D49: 1.8 | E49: -0.85 | F49: -0.85 | G49: -0.85 | I49: =AVERAGE(A49:C49) -> -2 | J49: =AVERAGE(E49:G49) -> -0.85 | K49: =J49*0.11/1000 -> -9.35e-05
A50: -2.21 | B50: -2.21 | C50: -2.21 | D50: 1.8 | E50: -0.95 | F50: -0.9 | G50: -1.1 | I50: =AVERAGE(A50:C50) -> -2.21 | J50: =AVERAGE(E50:G50) -> -0.98333333 | K50: =J50*0.11/1000 -> -0.00010816667
... A52: -2.6 | B52: -2.6 | C52: -2.6 | D52: 1.8 | E52: -1.1 | F52: -1.1 | G52: -1.2 | I52: =AVERAGE(A52:C52) -> -2.6 | J52: =AVERAGE(E52:G52) -> -1.1333333 | K52: =J52*0.11/1000 -> -0.00012466667
H54: at 0 B, torsion required = -0.2
A57: exp - 3
B58: dynamometer recalibrated using bottom knob at the start of every round
A59: n=3
A60: angle (degree) | B60: torque averaged and corrected | C60: torque | F60: coil current | I60: sample current | M60: sin alpha
B61: Nm | C61: rd1 | D61: rd2 | E61: rd3 | F61: rd1 | G61: rd2 | H61: rd3 | I61: rd1 | J61: rd2 | K61: rd3
A62: 90 | B62: =(0.11*(AVERAGE(C62:E62)))/1000 -> 0.0001716 | C62: 1.6 | D62: 1.58 | E62: 1.5 | F62: 2.6 | G62: 2.6 | H62: 2.6 | I62: 2.51 | J62: 2.5 | K62: 2.49 | M62: =SIN(RADIANS(A62)) -> 1 | N62: 0.0001716
A63: 75 | B63: =(0.11*(AVERAGE(C63:E63)))/1000 -> 0.00015473333 | C63: 1.5 | D63: 1.4 | E63: 1.32 | F63: 2.6 | G63: 2.6 | H63: 2.6 | I63: 2.51 | J63: 2.5 | K63: 2.49 | M63: =SIN(RADIANS(A63)) -> 0.96592583 | N63: 0.00015473333
A64: 60 | B64: =(0.11*(AVERAGE(C64:E64)))/1000 -> 0.00013016667 | C64: 1.3 | D64: 1.15 | E64: 1.1 | F64: 2.6 | G64: 2.6 | H64: 2.6 | I64: 2.51 | J64: 2.5 | K64: 2.49 | M64: =SIN(RADIANS(A64)) -> 0.8660254 | N64: 0.00013016667
A65: 45 | B65: =(0.11*(AVERAGE(C65:E65)))/1000 -> 0.00010083333 | C65: 1 | D65: 0.9 | E65: 0.85 | F65: 2.6 | G65: 2.6 | H65: 2.6 | I65: 2.51 | J65: 2.5 | K65: 2.49 | M65: =SIN(RADIANS(A65)) -> 0.70710678 | N65: 0.00010083333
A66: 30 | B66: =(0.11*(AVERAGE(C66:E66)))/1000 -> 6.0866667e-05 | C66: 0.6 | D66: 0.56 | E66: 0.5 | F66: 2.6 | G66: 2.6 | H66: 2.6 | I66: 2.51 | J66: 2.5 | K66: 2.49 | M66: =SIN(RADIANS(A66)) -> 0.5 | N66: 6.0866667e-05 | T66: slope = | U66: {=LINEST(N62:N74,M62:M74)} -> 0.00015167966 | V66: 2.1717949e-06
A67: 15 | B67: =(0.11*(AVERAGE(C67:E67)))/1000 -> 2.2e-05 | C67: 0.2 | D67: 0.2 | E67: 0.2 | F67: 2.6 | G67: 2.6 | H67: 2.6 | I67: 2.51 | J67: 2.5 | K67: 2.49 | M67: =SIN(RADIANS(A67)) -> 0.25881905 | N67: 2.2e-05
A68: 0 | B68: =(0.11*(AVERAGE(C68:E68)))/1000 -> 3.6666667e-06 | C68: 0.05 | D68: 0 | E68: 0.05 | F68: 2.6 | G68: 2.6 | H68: 2.6 | I68: 2.51 | J68: 2.5 | K68: 2.49 | M68: =SIN(RADIANS(A68)) -> 0 | N68: 3.6666667e-06
A69: -15 | B69: =(0.11*(AVERAGE(C69:E69)))/1000 -> -2.2e-05 | C69: -0.2 | D69: -0.2 | E69: -0.2 | F69: 2.58 | G69: 2.58 | H69: 2.6 | I69: 2.51 | J69: 2.5 | K69: 2.49 | M69: =SIN(RADIANS(A69)) -> -0.25881905 | N69: -2.2e-05
A70: -30 | B70: =(0.11*(AVERAGE(C70:E70)))/1000 -> -5.6833333e-05 | C70: -0.5 | D70: -0.55 | E70: -0.5 | F70: 2.58 | G70: 2.58 | H70: 2.6 | I70: 2.51 | J70: 2.5 | K70: 2.49 | M70: =SIN(RADIANS(A70)) -> -0.5 | N70: -5.6833333e-05
A71: -45 | B71: =(0.11*(AVERAGE(C71:E71)))/1000 -> -9.8266667e-05 | C71: -0.9 | D71: -0.88 | E71: -0.9 | F71: 2.58 | G71: 2.58 | H71: 2.6 | I71: 2.51 | J71: 2.5 | K71: 2.49 | M71: =SIN(RADIANS(A71)) -> -0.70710678 | N71: -9.8266667e-05
A72: -60 | B72: =(0.11*(AVERAGE(C72:E72)))/1000 -> -0.00012466667 | C72: -1.15 | D72: -1.15 | E72: -1.1 | F72: 2.57 | G72: 2.57 | H72: 2.6 | I72: 2.51 | J72: 2.5 | K72: 2.49 | M72: =SIN(RADIANS(A72)) -> -0.8660254 | N72: -0.00012466667
A73: -75 | B73: =(0.11*(AVERAGE(C73:E73)))/1000 -> -0.00014336667 | C73: -1.35 | D73: -1.3 | E73: -1.26 | F73: 2.57 | G73: 2.57 | H73: 2.6 | I73: 2.51 | J73: 2.5 | K73: 2.49 | M73: =SIN(RADIANS(A73)) -> -0.96592583 | N73: -0.00014336667
A74: -90 | B74: =(0.11*(AVERAGE(C74:E74)))/1000 -> -0.0001705 | C74: -1.7 | D74: -1.5 | E74: -1.45 | F74: 2.57 | G74: 2.57 | H74: 2.6 | I74: 2.51 | J74: 2.5 | K74: 2.49 | M74: =SIN(RADIANS(A74)) -> -1 | N74: -0.0001705
F75: went down to 2.57 | G75: went down to 2.57
B76: current fluctuated quite 0.1 A at the end, was an ammeter issue | J76: changed ammeter and got stable readings
G78: {=AVERAGE(ABS(C62:C74))} -> 0.92692308
G79: {=AVERAGE(ABS(A62:A74))} -> 48.461538
A80: exp - 5 | C80: n=1
A82: d(cm) (inner) | C82: rd1 | D82: rd2 | E82: rd3 | F82: rnd4 | G82: rnd5 | H82: rnd 6 | I82: coil current | L82: sample current | P82: average of rd4 to rd6 | Q82: in Nm | R82: d | S82: d^2
I83: rd1 | J83: rd2 | K83: rd3 | L83: rd1 | M83: rd2 | N83: rd3
A84: 12.2 | C84: 0.92 | D84: 0.8 | E84: 0.8 | F84: 0.78 | G84: 0.78 | H84: 0.78 | I84: 2.6 | J84: 2.6 | K84: 2.6 | L84: 4 | M84: 4 | N84: 4.01 | P84: =AVERAGE(F84:H84) -> 0.78 | Q84: =P84*0.11/1000 -> 8.58e-05 | R84: =12.01/100 -> 0.1201 | S84: =R84^2 -> 0.01442401 | T84: 8.58e-05
A85: 8.7 | C85: 0.6 | D85: 0.4 | E85: 0.5 | F85: 0.4 | G85: 0.4 | H85: 0.45 | I85: 2.6 | J85: 2.6 | K85: 2.6 | L85: 4 | M85: 4 | N85: 4.01 | P85: =AVERAGE(F85:H85) -> 0.41666667 | Q85: =P85*0.11/1000 -> 4.5833333e-05 | R85: =8.56/100 -> 0.0856 | S85: =R85^2 -> 0.00732736 | T85: 4.5833333e-05
A86: 6.1 | C86: 0.2 | D86: 0.2 | E86: 0.2 | F86: 0.2 | G86: 0.2 | H86: 0.2 | I86: 2.6 | J86: 2.6 | K86: 2.6 | L86: 4 | M86: 4 | N86: 4.01 | P86: =AVERAGE(F86:H86) -> 0.2 | Q86: =P86*0.11/1000 -> 2.2e-05 | R86: =6.01/100 -> 0.0601 | S86: =R86^2 -> 0.00361201 | T86: 2.2e-05
A88: exp 2 | P88: {=AVERAGE(ABS(H84:H86))} -> 0.47666667
B89: coil - 2.6A | E89: Loop 1.5 A | P89: =AVERAGE(R84:R86) -> 0.0886
A90: T | G90: dynamometer | H90: in Nm
A91: rnd1 | B91: 0.3 | C91: 0.6 | D91: 0.9 | F91: 1 | G91: 0.3 | H91: =G91*0.11/1000 -> 3.3e-05 | W91: slope= (in SI) | X91: {=LINEST(T84:T86,S84:S86)} -> 0.0058651901 | Y91: 1.6240964e-06
A92: rnd2 | B92: 0.3 | C92: 0.6 | D92: 0.9 | F92: 2 | G92: 0.6 | H92: =G92*0.11/1000 -> 6.6e-05
A93: rnd3 | B93: 0.3 | C93: 0.6 | D93: 0.9 | F93: 3 | G93: 0.9 | H93: =G93*0.11/1000 -> 9.9e-05
A94: n= | B94: 1 | C94: 2 | D94: 3
E96: slope= (in SI) | F96: {=LINEST(H91:H93,F91:F93)} -> 3.3e-05 | G96: 0
A107: exp4 | F107: exp4 | G107: n=3 | J107: Ih val | K107: I sample vals
A108: loop current | B108: deflection | D108: straight line | E108: area | F108: rd1 | G108: rd2 | H108: rd3 | K108: rd1 | L108: rd2 | M108: rd3 | O108: avg of rd2 and rd3 (sample current) | Q108: avg of rd2 and rd3 (dynamometer ) | S108: in Nm
A109: 5.62 | B109: 1.1 | D109: 15.3cm | E109: 72.63cm2 | F109: 2.6 | G109: 3 | H109: 3 | J109: 2.6 | K109: 5 | L109: 5 | M109: 5 | O109: =AVERAGE(L109:M109) -> 5 | Q109: =AVERAGE(G109:H109) -> 3 | S109: =Q109*0.11/1000 -> 0.00033 | AD109: 2.6 | AE109: 3 | AF109: 3
A110: 5.04 | B110: 1 | F110: 2.4 | G110: 2.6 | H110: 2.7 | J110: 2.6 | K110: 4.42 | L110: 4.4 | M110: 4.4 | O110: =AVERAGE(L110:M110) -> 4.4 | Q110: =AVERAGE(G110:H110) -> 2.65 | S110: =Q110*0.11/1000 -> 0.0002915 | AD110: 2.4 | AE110: 2.6 | AF110: 2.7
A111: 4.39 | B111: 0.9 | F111: 2.05 | G111: 2.35 | H111: 2.4 | J111: 2.6 | K111: 3.8 | L111: 3.8 | M111: 3.8 | O111: =AVERAGE(L111:M111) -> 3.8 | Q111: =AVERAGE(G111:H111) -> 2.375 | S111: =Q111*0.11/1000 -> 0.00026125 | AD111: 2.05 | AE111: 2.35 | AF111: 2.4
A112: 3.81 | B112: 0.76 | F112: 1.7 | G112: 2 | H112: 2.1 | J112: 2.6 | K112: 3.21 | L112: 3.2 | M112: 3.2 | O112: =AVERAGE(L112:M112) -> 3.2 | Q112: =AVERAGE(G112:H112) -> 2.05 | S112: =Q112*0.11/1000 -> 0.0002255 | AD112: 1.7 | AE112: 2 | AF112: 2.1
A113: 3.2 | B113: 0.63 | F113: 1.4 | G113: 1.55 | H113: 1.66 | J113: 2.6 | K113: 2.6 | L113: 2.6 | M113: 2.6 | O113: =AVERAGE(L113:M113) -> 2.6 | Q113: =AVERAGE(G113:H113) -> 1.605 | S113: =Q113*0.11/1000 -> 0.00017655 | AD113: 1.4 | AE113: 1.55 | AF113: 1.66
A114: 2.61 | B114: 4.8 | F114: 1 | G114: 1.3 | H114: 1.3 | J114: 2.6 | K114: 2 | L114: 2.01 | M114: 2.01 | O114: =AVERAGE(L114:M114) -> 2.01 | Q114: =AVERAGE(G114:H114) -> 1.3 | S114: =Q114*0.11/1000 -> 0.000143 | AD114: 1 | AE114: 1.3 | AF114: 1.3
A115: 2.01 | B115: 0.3 | F115: 0.6 | G115: 0.9 | H115: 1 | J115: 2.6 | K115: 1.4 | L115: 1.4 | M115: 1.4 | O115: =AVERAGE(L115:M115) -> 1.4 | Q115: =AVERAGE(G115:H115) -> 0.95 | S115: =Q115*0.11/1000 -> 0.0001045 | AD115: 0.6 | AE115: 0.9 | AF115: 1
A116: 1.41 | B116: 0.2 | F116: 0.25 | G116: 0.5 | H116: 0.65 | J116: 2.6 | K116: 0.78 | L116: 0.8 | M116: 0.8 | O116: =AVERAGE(L116:M116) -> 0.8 | Q116: =AVERAGE(G116:H116) -> 0.575 | S116: =Q116*0.11/1000 -> 6.325e-05 | Z116: slope= | AA116: {=LINEST(S109:S125,O109:O125)} -> 6.4916303e-05 | AB116: 1.0641813e-05 | AD116: 0.25 | AE116: 0.5 | AF116: 0.65
A117: 0.8 | B117: 0.1 | F117: 0.1 | G117: 0.2 | H117: 0.16 | J117: 2.6 | K117: 0.2 | L117: 0.18 | M117: 0.21 | O117: =AVERAGE(L117:M117) -> 0.195 | Q117: =AVERAGE(G117:H117) -> 0.18 | S117: =Q117*0.11/1000 -> 1.98e-05 | AD117: 0.1 | AE117: 0.2 | AF117: 0.16
A118: 0.2 | B118: 0 | F118: -0.1 | G118: -0.15 | H118: -0.2 | J118: 2.59 | K118: -0.4 | L118: -0.4 | M118: -0.4 | O118: =AVERAGE(L118:M118) -> -0.4 | Q118: =AVERAGE(G118:H118) -> -0.175 | S118: =Q118*0.11/1000 -> -1.925e-05 | AD118: -0.1 | AE118: -0.15 | AF118: -0.2
A119: 0 | B119: 0 | F119: -0.65 | G119: -0.5 | H119: -0.35 | J119: 2.59 | K119: -0.99 | L119: -0.99 | M119: -0.99 | O119: =AVERAGE(L119:M119) -> -0.99 | Q119: =AVERAGE(G119:H119) -> -0.425 | S119: =Q119*0.11/1000 -> -4.675e-05 | AD119: -0.65 | AE119: -0.5 | AF119: -0.35
A120: -0.39 | B120: -0.2 | F120: -1.2 | G120: -1 | H120: -0.8 | J120: 2.59 | K120: -1.6 | L120: -1.6 | M120: -1.6 | O120: =AVERAGE(L120:M120) -> -1.6 | Q120: =AVERAGE(G120:H120) -> -0.9 | S120: =Q120*0.11/1000 -> -9.9e-05 | AD120: -1.2 | AE120: -1 | AF120: -0.8
A121: -0.99 | B121: -0.36 | F121: -1.4 | G121: -1.3 | H121: -1.2 | J121: 2.59 | K121: -2.2 | L121: -2.19 | M121: -2.19 | O121: =AVERAGE(L121:M121) -> -2.19 | Q121: =AVERAGE(G121:H121) -> -1.25 | S121: =Q121*0.11/1000 -> -0.0001375 | AD121: -1.4 | AE121: -1.3 | AF121: -1.2
A122: -1.62 | B122: -0.42 | F122: -1.9 | G122: -1.6 | H122: -1.3 | J122: 2.59 | K122: -2.8 | L122: -2.8 | M122: -2.8 | O122: =AVERAGE(L122:M122) -> -2.8 | Q122: =AVERAGE(G122:H122) -> -1.45 | S122: =Q122*0.11/1000 -> -0.0001595 | AD122: -1.9 | AE122: -1.6 | AF122: -1.3
F123: -2.3 | G123: -2 | H123: -1.7 | J123: 2.59 | K123: -3.4 | L123: -3.4 | M123: -3.4 | O123: =AVERAGE(L123:M123) -> -3.4 | Q123: =AVERAGE(G123:H123) -> -1.85 | S123: =Q123*0.11/1000 -> -0.0002035 | AD123: -2.3 | AE123: -2 | AF123: -1.7
...

Sheet results and error analysis
A1: helmholtz coil radius = | C1: inner = | D1: 18cm | E1: outer= | F1: 21.5
A2: therefore midpoint to midpoint R= | D2: 20cm
D4: mu naught= | E4: 1.2566371e-06 | F4: 3.1415927
A5: helmholtz coil radius = | C5: 0.2 m | D5: N= | E5: 154 turns
A6: theoretical value = | C6: =(8*E4*154)/(5*SQRT(5)*0.1975) -> 0.00070112986
C7: general formula: | D7: T= | E7: c*n*Ih*Il*(pi*d^2)*sin(a)/4
A9: exp1 | B9: Il=1.8 A | C9: n=3 | D9: d=12cm | E9: T vs Ih
A10: slope= | B10: =data!R38 -> 4.6457478e-05 | D10: slope error (relative) = | F10: =SQRT(H10^2 + H11^2) -> 0.087356167 | G10: relative error in T= | H10: =0.05/data!N25 -> 0.087040619
A11: c= | B11: =B10/(3*1.8*PI()*(0.12^2)*1/4) -> 0.00076069314 | G11: relative error in Ih= | H11: =0.01/data!N26 -> 0.0074182617
A12: discrepency= | B12: =C6/B11 -> 0.92169868 | C12: =(1-B12)*100 -> 7.8301315
D13: relative error in c | F13: =SQRT(F10^2 +H13^2) -> 0.087360142 | G13: relative error in d= | H13: =0.1/120 -> 0.00083333333
D14: absolute error in c= | F14: =F13*B11 -> 6.645426e-05 | G14: (cos 90=0 therefore error for angle negligible)
D15: values * 10^4 | E15: =B11*10^4 -> 7.6069314 | F15: =F14*10^4 -> 0.6645426
A18: exp2 | B18: Ih=2.6A | C18: Il=1.5 A | D18: (dependence on n) | E18: d=0.12 cm | F18: T vs n
A19: slope= | B19: =data!F96 -> 3.3e-05 | D19: slope error (relative) = | F19: =H19 -> 0.083333333 | G19: relative error in T= | H19: =0.05/0.6 -> 0.083333333
A20: c= | B20: =B19/(2.6*1.5*PI()*(0.12^2)/4) -> 0.00074816426
A21: discrepency= | B21: =C6/B20 -> 0.93713359 | C21: =(1-B21)*100 -> 6.2866407
D22: relative error in c | F22: =SQRT(F19^2+ 2*H13^2) -> 0.083341666
A23: =1-(C6/0.00075) -> 0.065160182 | D23: absolute error in c= | F23: =B20*F22 -> 6.2353256e-05
D24: values * 10^4 | E24: =B20*10^4 -> 7.4816426 | F24: =F23*10^4 -> 0.62353256
A27: exp3 | B27: (dependence on angle) | D27: Ih=2.6A | E27: Il= 2.5A | F27: n=3 | G27: d=0.12 | H27: T vs sin(a)
A28: slope= | B28: =data!U66 -> 0.00015167966 | D28: slope error (relative) = | F28: =SQRT(H28^2+H29^2) -> 0.057754043 | G28: relative error inT= | H28: =0.05/data!G78 -> 0.053941909
A29: c= | B29: =B28/(3*2.6*2.5*PI()*(0.12^2)/4) -> 0.00068776547 | G29: relative error in angle= | H29: =1/data!G79 -> 0.020634921
A30: discrepency= | B30: =C6/B29 -> 1.0194316 | C30: =(1-B30)*100 -> -1.9431621
D31: relative error in c | F31: =SQRT(F28^2 + 2*H13^2) -> 0.057766066
A32: discrepency = | B32: =1-0.00069/C6 -> 0.015874182 | D32: absolute error in c= | F32: =B29*F31 -> 3.9729505e-05
D33: values * 10^4 | E33: =B29*10^4 -> 6.8776547 | F33: =F32*10^4 -> 0.39729505
A36: exp4 | B36: (dependence on Il) | D36: Ih=2.6A | E36: n=3 | F36: d=0.12 | H36: T vs Il
A37: slope= | B37: =data!AA116 -> 6.4916303e-05 | D37: slope error (relative) = | F37: =SQRT(H37^2 +H38^2) -> 0.033292355 | G37: relative error in T= | H37: =0.05/data!Q128 -> 0.033061066
A38: c= | B38: =B37/(3*2.6*PI()*(0.12^2)/4) -> 0.00073587966 | G38: relative error in Il= | H38: =0.01/data!Q129 -> 0.003917502
A39: discrepency= | B39: =C6/B38 -> 0.95277788 | C39: =(1-B39)*100 -> 4.7222124
D40: relative error in c | F40: =SQRT(F37^2 + 2*H13^2) -> 0.033313207
D41: absolute error in c= | F41: =B38*F40 -> 2.4514512e-05
D42: values * 10^4 | E42: =B38*10^4 -> 7.3587966 | F42: =F41*10^4 -> 0.24514512
A45: exp5 | B45: (dependence on d^2) | D45: n=1 | E45: Ih=2.6 A | F45: Il=4 A | H45: T vs d^2
A46: slope= | B46: =data!X91 -> 0.0058651901 | D46: slope error (relative) = | F46: =SQRT(H46^2 + 2*H47^2) -> 0.10490725 | G46: relative error in T= | H46: =0.05/data!P88 -> 0.1048951
A47: c= | B47: =B46/(1*2.6*4*PI()/4) -> 0.00071805691 | G47: relative error in d= | H47: =0.0001/data!P89 -> 0.0011286682
A48: discrepency= | B48: =C6/B47 -> 0.97642659 | C48: =(1-B48)*100 -> 2.3573412
D49: relative error in c | F49: =F46 -> 0.10490725
A50: discrepency= | B50: =1-0.00072/C6 -> -0.026913897 | D50: absolute error in c= | F50: =B47*F49 -> 7.5329375e-05
D51: values * 10^4 | E51: =B47*10^4 -> 7.1805691 | F51: =F50*10^4 -> 0.75329375
A55: exp6 | B55: Ih=2.6A | C55: Il varied
A56: slope= | B56: =data!F152 -> 2.4824e-05
B57: =data!F151 -> 2.1666764e-05
A60: c1= | B60: 0.00073849221
A61: c2= | B61: =B20 -> 0.00074816426
A62: c3= | B62: =B29 -> 0.00068776547
A63: c4= | B63: 0.00073233194
A64: c5= | B64: =B47 -> 0.00071805691
A66: c_mean= | B66: =AVERAGE(B60:B64) -> 0.00072496216
B67: experimental | C67: theoretical | E67: a=0.153 | H67: area
A68: star area= | B68: =B56/(B66*2.6) -> 0.013169918 | F68: pentagon side= | G68: 4.6 | H68: 36.41
B69: =B56/(0.000748*2.6) -> 0.012764295 | F69: triangle base= | G69: 4.6
B70: =B57/(B63*2.6) -> 0.011379226 | F70: triangle height= | G70: 5.5
F71: area= | G71: =H68+(G69*G70*5/2) -> 99.66
B72: =B70*10^4 -> 113.79226 | D72: discrepency= | E72: =1-G71/110 -> 0.094
D74: relaitve error = | E74: =0.05/0.7 -> 0.071428571
D75: absolute error = | E75: =B72*E74 -> 8.1280185
